'', 7
hermosa beach', 2
sonoma', 2
tallahassee', 1
haydenville', 1
houston', 17
northampton', 1
pecos', 1
miami beach', 1
london', 3
holmdel', 3
milwaukee', 4
ithaca', 2
long island city', 1
del mar', 2
bronxville', 1
denton', 2
washingtonville', 3
paris', 8
farmington', 1
fresno', 4
basel', 1
los angeles and', 1
evanston', 1
tujunga', 1
williamstown', 1
new orleans', 3
newhall', 1
charlottesville', 2
palisades', 1
galisteo', 1
jersey city and', 1
texas', 1
eugene', 1
boulder', 6
woodstock', 1
venice', 31
east orange', 1
hondo', 1
cuba', 1
pembroke pines', 1
guilford', 1
interlaken', 1
brookline', 1
saulsalito', 1
hamilton', 1
new haven', 1
topanga canyon', 2
east patchogue', 1
merion', 1
grenoble', 1
middleton', 1
new canaan', 1
joshua tree', 2
emeryville', 1
miami', 7
cuernavaca', 1
wilmington', 1
lexington', 4
detroit', 4
la jolla indian reservation', 1
duluth', 1
rollinssville', 1
davidson', 1
besemer', 1
yorktown heights', 1
rhinebeck', 2
revere', 1
washington dc', 2
baton rouge', 1
bisbee', 1
belgrade', 1
zurich', 1
northern arizona', 1
la jolla', 3
holderness', 1
birmingham', 1
wakefield', 1
cologne', 2
bridgehampton', 1
milan', 1
wilmette', 1
stamford', 1
captiva', 1
san francisco', 80
lynwood', 1
portland', 5
aberdeen', 1
jerusalem', 1
valley cottage', 1
val verde', 1
chicago', 61
arcadia', 1
somerville', 1
kensington', 1
richmond', 3
providence', 4
tuscon', 1
holliston', 1
sacramento', 6
north salem', 1
west suffield', 1
shaker heights', 1
porter', 1
taos', 3
davie', 2
benicia', 1
arizona', 1
cotati', 1
saluda', 1
nashville', 1
albuquerque', 5
nyack', 1
longmont', 1
california', 1
binghamton', 3
galveston', 1
berkeley', 13
san bernardino', 1
victoria', 1
splendora', 2
chatsworth', 2
sausalito', 2
culver city', 3
fairfax', 1
fort worth', 2
long island', 2
rodeo', 1
eastford', 1
malden', 2
bronx', 2
nova scotia', 1
lewiston', 1
austin', 6
georgia-alcoa', 1
baltimore', 2
tijuana', 1
highland park', 1
santa monica', 18
cambridge', 5
fillmore', 1
brown deer', 1
roswell', 2
mill valley', 1
cardiff', 1
encinitas', 2
amherst', 3
gary', 1
work place city', 1
amsterdam', 2
oakland', 9
florence', 1
new brunswick', 1
east providence', 1
chatham', 2
wyncote', 1
new jersey', 1
arlington', 2
hudson', 1
boiceville', 1
philadelphia', 19
port casta', 1
new york', 931
glen ridge', 1
rollinsville', 1
hollywood', 1
queens', 3
lansdale', 1
naples', 1
vienna', 1
shorewood', 1
annandale on hudson', 1
sebastopol', 1
redondo beach', 1
pittsburgh', 1
moscow', 1
west danby', 1
irvine', 1
woodacre', 2
orange', 1
berlin', 7
hartford', 1
buhler and segovia', 1
escondido', 1
altadena', 3
atlanta', 6
memphis', 1
toronto', 2
tokyo', 1
santa fe', 10
jamaica plain', 2
long beach', 3
petaluma', 1
eaton', 2
hope', 1
waller', 1
zumikon', 1
barrytown', 1
garrison', 1
st. paul', 1
lincolnville', 1
san juan', 5
great neck', 1
silver spring', 1
boston', 12
kingston', 2
iowa city', 2
worcester', 1
minneapolis', 15
cayey', 1
glenridge', 1
seattle', 4
rochester', 1
campton', 1
johnson city', 1
dallas', 7
san diego', 6
middletown', 1
guadalajara', 1
princeton', 1
santa cruz', 1
pasadena', 3
vancouver', 4
san antonio', 3
pomona', 1
bloomfield hills', 2
mexico city', 2
indianapolis', 1
columbia', 1
normal', 1
annandale-on-hudson', 2
claremont', 1
san jose', 2
new ork', 1
rensselaerville', 2
forest knolls', 1
brooklyn', 87
poughkeepsie', 3
san geronimo', 1
brussels', 1
elkins park', 1
broomfield', 1
southampton', 1
east hampton', 2
chestnut hill', 1
jamaica plains', 1
helsinki', 1
rifton', 1
frankfurt', 1
south bend', 1
vetheuil', 3
barcelona', 1
elizaville', 1
el paso', 2
topanga', 1
los angeles', 177
brookfield center', 3
columbus', 2
fayetteville', 1
buffalo', 5
santa barbara', 2
suffern', 1
south nyack', 3